GEO.id,GEO.id2,GEO.display-label,HC01_EST_VC02,HC01_MOE_VC02,HC02_EST_VC02,HC02_MOE_VC02,HC03_EST_VC02,HC03_MOE_VC02,HC01_EST_VC03,HC01_MOE_VC03,HC02_EST_VC03,HC02_MOE_VC03,HC03_EST_VC03,HC03_MOE_VC03
Id,Id2,Geography,Total; Estimate; Speak only English,Total; Margin of Error; Speak only English,"Percent of specified language speakers  - Speak English ""very well""; Estimate; Speak only English","Percent of specified language speakers  - Speak English ""very well""; Margin of Error; Speak only English","Percent of specified language speakers  - Speak English  less than ""very well""; Estimate; Speak only English","Percent of specified language speakers  - Speak English  less than ""very well""; Margin of Error; Speak only English",Total; Estimate; Speak a language other than English,Total; Margin of Error; Speak a language other than English,"Percent of specified language speakers  - Speak English ""very well""; Estimate; Speak a language other than English","Percent of specified language speakers  - Speak English ""very well""; Margin of Error; Speak a language other than English","Percent of specified language speakers  - Speak English  less than ""very well""; Estimate; Speak a language other than English","Percent of specified language speakers  - Speak English  less than ""very well""; Margin of Error; Speak a language other than English"
9700000US4200824,4200824,"Central Valley School District, Pennsylvania",95.3,1.4,(X),(X),(X),(X),4.7,1.4,79.9,9.5,20.1,9.5
9700000US4202010,4202010,"Abington Heights School District, Pennsylvania",93.7,1.7,(X),(X),(X),(X),6.3,1.7,76.6,8.0,23.4,8.0
9700000US4202040,4202040,"Abington School District, Pennsylvania",88.1,1.1,(X),(X),(X),(X),11.9,1.1,64.1,4.2,35.9,4.2
9700000US4202100,4202100,"Albert Gallatin Area School District, Pennsylvania",98.4,0.6,(X),(X),(X),(X),1.6,0.6,91.1,8.9,8.9,8.9
9700000US4202130,4202130,"Aliquippa School District, Pennsylvania",91.5,1.9,(X),(X),(X),(X),8.5,1.9,56.4,13.9,43.6,13.9
9700000US4202190,4202190,"Allegheny Valley School District, Pennsylvania",96.5,1.1,(X),(X),(X),(X),3.5,1.1,72.4,13.3,27.6,13.3
9700000US4202280,4202280,"Allentown City School District, Pennsylvania",59.4,1.3,(X),(X),(X),(X),40.6,1.3,57.3,2.2,42.7,2.2
9700000US4202310,4202310,"Allegheny-Clarion Valley School District, Pennsylvania",97.0,1.9,(X),(X),(X),(X),3.0,1.9,71.3,8.3,28.7,8.3
9700000US4202340,4202340,"Altoona Area School District, Pennsylvania",97.0,0.4,(X),(X),(X),(X),3.0,0.4,79.3,5.3,20.7,5.3
9700000US4202400,4202400,"Wissahickon School District, Pennsylvania",86.9,1.7,(X),(X),(X),(X),13.1,1.7,64.9,5.5,35.1,5.5
9700000US4202440,4202440,"Ambridge Area School District, Pennsylvania",96.1,0.9,(X),(X),(X),(X),3.9,0.9,67.5,12.6,32.5,12.6
9700000US4202480,4202480,"Antietam School District, Pennsylvania",88.3,3.4,(X),(X),(X),(X),11.7,3.4,69.6,13.3,30.4,13.3
9700000US4202490,4202490,"Annville-Cleona School District, Pennsylvania",96.4,1.2,(X),(X),(X),(X),3.6,1.2,68.0,12.2,32.0,12.2
9700000US4202550,4202550,"Apollo-Ridge School District, Pennsylvania",99.1,0.3,(X),(X),(X),(X),0.9,0.3,91.3,9.5,8.8,9.5
9700000US4202590,4202590,"Armstrong School District, Pennsylvania",96.5,0.6,(X),(X),(X),(X),3.5,0.6,60.4,6.5,39.6,6.5
9700000US4202670,4202670,"Athens Area School District, Pennsylvania",97.6,0.9,(X),(X),(X),(X),2.4,0.9,73.2,13.4,26.8,13.4
9700000US4202700,4202700,"Austin Area School District, Pennsylvania",99.3,0.5,(X),(X),(X),(X),0.7,0.5,71.4,34.7,28.6,34.7
9700000US4202760,4202760,"Avella Area School District, Pennsylvania",97.8,0.7,(X),(X),(X),(X),2.2,0.7,71.3,14.4,28.7,14.4
9700000US4202790,4202790,"Avon Grove School District, Pennsylvania",84.8,2.3,(X),(X),(X),(X),15.2,2.3,41.1,6.7,58.9,6.7
9700000US4202820,4202820,"Avonworth School District, Pennsylvania",96.3,1.5,(X),(X),(X),(X),3.7,1.5,83.6,10.5,16.4,10.5
9700000US4202850,4202850,"Pine-Richland School District, Pennsylvania",92.9,1.5,(X),(X),(X),(X),7.1,1.5,79.4,8.3,20.6,8.3
9700000US4202910,4202910,"Bald Eagle Area School District, Pennsylvania",98.0,0.6,(X),(X),(X),(X),2.0,0.6,77.1,17.4,22.9,17.4
9700000US4202970,4202970,"Baldwin-Whitehall School District, Pennsylvania",91.1,1.8,(X),(X),(X),(X),8.9,1.8,38.6,10.3,61.4,10.3
9700000US4203000,4203000,"Bangor Area School District, Pennsylvania",95.7,0.9,(X),(X),(X),(X),4.3,0.9,71.8,8.9,28.2,8.9
9700000US4203120,4203120,"Beaver Area School District, Pennsylvania",97.3,0.9,(X),(X),(X),(X),2.7,0.9,69.9,17.0,30.1,17.0
9700000US4203180,4203180,"Bedford Area School District, Pennsylvania",97.7,0.7,(X),(X),(X),(X),2.3,0.7,72.3,13.2,27.7,13.2
9700000US4203210,4203210,"Belle Vernon Area School District, Pennsylvania",94.3,2.1,(X),(X),(X),(X),5.7,2.1,71.2,10.2,28.8,10.2
9700000US4203240,4203240,"Bellefonte Area School District, Pennsylvania",95.1,1.2,(X),(X),(X),(X),4.9,1.2,59.6,10.6,40.4,10.6
9700000US4203300,4203300,"Bellwood-Antis School District, Pennsylvania",97.8,1.0,(X),(X),(X),(X),2.2,1.0,69.5,20.1,30.5,20.1
9700000US4203330,4203330,"Bensalem Township School District, Pennsylvania",80.2,1.6,(X),(X),(X),(X),19.8,1.6,52.3,4.1,47.7,4.1
9700000US4203360,4203360,"Bentworth School District, Pennsylvania",96.0,1.2,(X),(X),(X),(X),4.0,1.2,78.6,9.9,21.4,9.9
9700000US4203390,4203390,"Benton Area School District, Pennsylvania",98.8,0.6,(X),(X),(X),(X),1.2,0.6,76.3,21.3,23.7,21.3
9700000US4203420,4203420,"Berlin Brothersvalley School District, Pennsylvania",98.9,0.5,(X),(X),(X),(X),1.1,0.5,59.3,23.5,40.7,23.5
9700000US4203450,4203450,"Bermudian Springs School District, Pennsylvania",92.8,2.5,(X),(X),(X),(X),7.2,2.5,61.9,15.5,38.1,15.5
9700000US4203480,4203480,"Berwick Area School District, Pennsylvania",94.8,1.3,(X),(X),(X),(X),5.2,1.3,59.8,9.0,40.2,9.0
9700000US4203510,4203510,"Bethel Park School District, Pennsylvania",95.5,0.8,(X),(X),(X),(X),4.5,0.8,68.6,7.4,31.4,7.4
9700000US4203570,4203570,"Bethlehem Area School District, Pennsylvania",79.4,1.2,(X),(X),(X),(X),20.6,1.2,68.0,2.1,32.0,2.1
9700000US4203600,4203600,"Bethlehem-Center School District, Pennsylvania",98.7,0.6,(X),(X),(X),(X),1.3,0.6,96.2,5.0,3.8,5.0
9700000US4203630,4203630,"Big Beaver Falls Area School District, Pennsylvania",97.1,1.0,(X),(X),(X),(X),2.9,1.0,88.5,8.4,11.5,8.4
9700000US4203660,4203660,"Big Spring School District, Pennsylvania",93.2,1.3,(X),(X),(X),(X),6.8,1.3,61.2,8.8,38.8,8.8
9700000US4203688,4203688,"Blackhawk School District, Pennsylvania",96.6,1.1,(X),(X),(X),(X),3.4,1.1,73.1,8.5,26.9,8.5
9700000US4203690,4203690,"Blacklick Valley School District, Pennsylvania",98.3,0.8,(X),(X),(X),(X),1.7,0.8,91.9,11.7,8.1,11.7
9700000US4203750,4203750,"Blairsville-Saltsburg School District, Pennsylvania",96.4,1.2,(X),(X),(X),(X),3.6,1.2,74.6,18.3,25.4,18.3
9700000US4203840,4203840,"Bloomsburg Area School District, Pennsylvania",96.8,1.2,(X),(X),(X),(X),3.2,1.2,82.8,11.3,17.2,11.3
9700000US4203870,4203870,"Blue Mountain School District, Pennsylvania",95.1,1.1,(X),(X),(X),(X),4.9,1.1,73.1,7.1,26.9,7.1
9700000US4203900,4203900,"Blue Ridge School District, Pennsylvania",97.6,1.2,(X),(X),(X),(X),2.4,1.2,90.5,10.8,9.5,10.8
9700000US4203960,4203960,"Boyertown Area School District, Pennsylvania",96.2,0.7,(X),(X),(X),(X),3.8,0.7,78.2,6.5,21.8,6.5
9700000US4204020,4204020,"Bradford Area School District, Pennsylvania",95.7,0.8,(X),(X),(X),(X),4.3,0.8,73.5,9.3,26.5,9.3
9700000US4204050,4204050,"Brandywine Heights Area School District, Pennsylvania",94.5,1.4,(X),(X),(X),(X),5.5,1.4,75.3,12.2,24.7,12.2
9700000US4204080,4204080,"Brownsville Area School District, Pennsylvania",97.2,1.0,(X),(X),(X),(X),2.8,1.0,84.8,9.8,15.2,9.8
9700000US4204090,4204090,"Bryn Athyn School District, Pennsylvania",92.8,3.6,(X),(X),(X),(X),7.2,3.6,82.3,18.4,17.7,18.4
9700000US4204140,4204140,"Brentwood Borough School District, Pennsylvania",95.9,2.3,(X),(X),(X),(X),4.1,2.3,54.4,20.9,45.6,20.9
9700000US4204200,4204200,"Bristol Borough School District, Pennsylvania",90.7,2.6,(X),(X),(X),(X),9.3,2.6,71.2,10.6,28.8,10.6
9700000US4204230,4204230,"Bristol Township School District, Pennsylvania",90.1,1.5,(X),(X),(X),(X),9.9,1.5,59.6,5.2,40.4,5.2
9700000US4204260,4204260,"Brockway Area School District, Pennsylvania",98.2,0.7,(X),(X),(X),(X),1.8,0.7,92.1,8.6,7.9,8.6
9700000US4204320,4204320,"Brookville Area School District, Pennsylvania",97.9,0.5,(X),(X),(X),(X),2.1,0.5,87.9,6.2,12.1,6.2
9700000US4204500,4204500,"Burgettstown Area School District, Pennsylvania",97.7,0.9,(X),(X),(X),(X),2.3,0.9,85.3,11.2,14.7,11.2
9700000US4204530,4204530,"Burrell School District, Pennsylvania",97.8,0.7,(X),(X),(X),(X),2.2,0.7,95.6,5.9,4.4,5.9
9700000US4204590,4204590,"Butler Area School District, Pennsylvania",97.1,0.6,(X),(X),(X),(X),2.9,0.6,66.5,9.4,33.5,9.4
9700000US4204710,4204710,"California Area School District, Pennsylvania",96.3,1.6,(X),(X),(X),(X),3.7,1.6,67.7,13.7,32.3,13.7
9700000US4204740,4204740,"Cambria Heights School District, Pennsylvania",98.9,0.5,(X),(X),(X),(X),1.1,0.5,83.8,15.3,16.2,15.3
9700000US4204830,4204830,"Cameron County School District, Pennsylvania",98.8,0.5,(X),(X),(X),(X),1.2,0.5,74.1,18.4,25.9,18.4
9700000US4204860,4204860,"Camp Hill School District, Pennsylvania",91.0,2.7,(X),(X),(X),(X),9.0,2.7,57.9,12.2,42.1,12.2
9700000US4204890,4204890,"Canon-McMillan School District, Pennsylvania",95.4,1.1,(X),(X),(X),(X),4.6,1.1,73.0,8.2,27.0,8.2
9700000US4204920,4204920,"Canton Area School District, Pennsylvania",97.1,1.5,(X),(X),(X),(X),2.9,1.5,61.7,26.7,38.3,26.7
9700000US4204980,4204980,"Carbondale Area School District, Pennsylvania",95.2,1.5,(X),(X),(X),(X),4.8,1.5,78.5,13.2,21.5,13.2
9700000US4205010,4205010,"Carlisle Area School District, Pennsylvania",92.9,1.4,(X),(X),(X),(X),7.1,1.4,72.7,5.8,27.3,5.8
9700000US4205040,4205040,"Carlynton School District, Pennsylvania",94.9,1.8,(X),(X),(X),(X),5.1,1.8,70.5,12.7,29.5,12.7
9700000US4205070,4205070,"Carmichaels Area School District, Pennsylvania",95.9,2.0,(X),(X),(X),(X),4.1,2.0,87.9,18.5,12.1,18.5
9700000US4205160,4205160,"Catasauqua Area School District, Pennsylvania",85.6,4.1,(X),(X),(X),(X),14.4,4.1,66.9,13.0,33.1,13.0
9700000US4205190,4205190,"Centennial School District, Pennsylvania",84.0,2.0,(X),(X),(X),(X),16.0,2.0,57.6,5.0,42.4,5.0
9700000US4205310,4205310,"Central Bucks School District, Pennsylvania",91.1,0.8,(X),(X),(X),(X),8.9,0.8,72.0,2.8,28.0,2.8
9700000US4205340,4205340,"Central Cambria School District, Pennsylvania",98.1,0.8,(X),(X),(X),(X),1.9,0.8,74.5,20.1,25.5,20.1
9700000US4205370,4205370,"Central Columbia School District, Pennsylvania",96.5,1.5,(X),(X),(X),(X),3.5,1.5,59.0,20.5,41.0,20.5
9700000US4205400,4205400,"Central Dauphin School District, Pennsylvania",89.9,1.0,(X),(X),(X),(X),10.1,1.0,63.2,5.0,36.8,5.0
9700000US4205430,4205430,"Central Greene School District, Pennsylvania",94.9,1.2,(X),(X),(X),(X),5.1,1.2,71.8,7.3,28.2,7.3
9700000US4205460,4205460,"Crestwood School District, Pennsylvania",95.2,1.0,(X),(X),(X),(X),4.8,1.0,66.3,9.6,33.7,9.6
9700000US4205490,4205490,"Central York School District, Pennsylvania",91.7,1.2,(X),(X),(X),(X),8.3,1.2,51.3,6.1,48.7,6.1
9700000US4205550,4205550,"Chambersburg Area School District, Pennsylvania",90.1,1.1,(X),(X),(X),(X),9.9,1.1,60.6,6.4,39.4,6.4
9700000US4205640,4205640,"Charleroi School District, Pennsylvania",97.8,0.7,(X),(X),(X),(X),2.2,0.7,74.5,11.5,25.5,11.5
9700000US4205700,4205700,"Chartiers Valley School District, Pennsylvania",89.7,1.8,(X),(X),(X),(X),10.3,1.8,62.2,10.1,37.8,10.1
9700000US4205730,4205730,"Chartiers-Houston School District, Pennsylvania",96.0,1.8,(X),(X),(X),(X),4.0,1.8,76.0,18.0,24.0,18.0
9700000US4205760,4205760,"Cheltenham Township School District, Pennsylvania",84.6,1.9,(X),(X),(X),(X),15.4,1.9,70.0,5.2,30.0,5.2
9700000US4205860,4205860,"Chester-Upland School District, Pennsylvania",90.5,1.3,(X),(X),(X),(X),9.5,1.3,67.6,6.3,32.4,6.3
9700000US4205880,4205880,"Chestnut Ridge School District, Pennsylvania",97.7,0.8,(X),(X),(X),(X),2.3,0.8,96.6,2.8,3.4,2.8
9700000US4205910,4205910,"Chichester School District, Pennsylvania",94.0,1.5,(X),(X),(X),(X),6.0,1.5,58.0,14.9,42.0,14.9
9700000US4206030,4206030,"Clairton City School District, Pennsylvania",97.9,1.3,(X),(X),(X),(X),2.1,1.3,91.9,12.3,8.1,12.3
9700000US4206060,4206060,"Clarion Area School District, Pennsylvania",95.4,1.0,(X),(X),(X),(X),4.6,1.0,72.8,20.4,27.2,20.4
9700000US4206090,4206090,"Clarion-Limestone Area School District, Pennsylvania",97.2,1.2,(X),(X),(X),(X),2.8,1.2,37.3,19.5,62.7,19.5
9700000US4206120,4206120,"Claysburg-Kimmel School District, Pennsylvania",99.3,0.6,(X),(X),(X),(X),0.7,0.6,100.0,44.0,0.0,44.0
9700000US4206150,4206150,"Clearfield Area School District, Pennsylvania",97.3,0.8,(X),(X),(X),(X),2.7,0.8,74.9,11.4,25.1,11.4
9700000US4206240,4206240,"Coatesville Area School District, Pennsylvania",91.0,1.1,(X),(X),(X),(X),9.0,1.1,59.3,6.0,40.7,6.0
9700000US4206270,4206270,"Cocalico School District, Pennsylvania",92.2,1.6,(X),(X),(X),(X),7.8,1.6,62.9,9.3,37.1,9.3
9700000US4206360,4206360,"Columbia Borough School District, Pennsylvania",92.1,2.7,(X),(X),(X),(X),7.9,2.7,50.4,8.5,49.6,8.5
9700000US4206390,4206390,"Commodore Perry School District, Pennsylvania",95.5,1.6,(X),(X),(X),(X),4.5,1.6,78.6,11.8,21.4,11.8
9700000US4206420,4206420,"Conemaugh Township Area School District, Pennsylvania",98.3,1.1,(X),(X),(X),(X),1.7,1.1,87.6,11.5,12.4,11.5
9700000US4206430,4206430,"Conemaugh Valley School District, Pennsylvania",98.5,0.4,(X),(X),(X),(X),1.5,0.4,83.2,16.1,16.8,16.1
9700000US4206480,4206480,"Conestoga Valley School District, Pennsylvania",77.1,3.5,(X),(X),(X),(X),22.9,3.5,62.0,5.8,38.0,5.8
9700000US4206550,4206550,"Conewago Valley School District, Pennsylvania",92.1,1.4,(X),(X),(X),(X),7.9,1.4,52.9,7.8,47.1,7.8
9700000US4206590,4206590,"Conneaut School District, Pennsylvania",91.9,1.6,(X),(X),(X),(X),8.1,1.6,61.5,7.4,38.5,7.4
9700000US4206660,4206660,"Connellsville Area School District, Pennsylvania",98.0,0.5,(X),(X),(X),(X),2.0,0.5,69.6,11.5,30.4,11.5
9700000US4206780,4206780,"Conrad Weiser Area School District, Pennsylvania",90.7,2.2,(X),(X),(X),(X),9.3,2.2,66.1,7.6,33.9,7.6
9700000US4206810,4206810,"Cornell School District, Pennsylvania",94.6,2.2,(X),(X),(X),(X),5.4,2.2,73.1,16.0,26.9,16.0
9700000US4206840,4206840,"Cornwall-Lebanon School District, Pennsylvania",92.0,1.6,(X),(X),(X),(X),8.0,1.6,62.6,8.6,37.4,8.6
9700000US4206860,4206860,"Corry Area School District, Pennsylvania",93.7,1.3,(X),(X),(X),(X),6.3,1.3,53.7,9.8,46.3,9.8
9700000US4206930,4206930,"Coudersport Area School District, Pennsylvania",97.2,0.9,(X),(X),(X),(X),2.8,0.9,68.6,15.6,31.4,15.6
9700000US4206960,4206960,"Council Rock School District, Pennsylvania",87.2,1.4,(X),(X),(X),(X),12.8,1.4,75.1,3.3,24.9,3.3
9700000US4207050,4207050,"Cranberry Area School District, Pennsylvania",98.9,0.5,(X),(X),(X),(X),1.1,0.5,82.5,15.9,17.5,15.9
9700000US4207080,4207080,"Crawford Central School District, Pennsylvania",96.7,0.7,(X),(X),(X),(X),3.3,0.7,79.6,7.7,20.4,7.7
9700000US4207110,4207110,"Cumberland Valley School District, Pennsylvania",91.8,1.2,(X),(X),(X),(X),8.2,1.2,72.5,5.1,27.5,5.1
9700000US4207140,4207140,"Curwensville Area School District, Pennsylvania",98.6,0.8,(X),(X),(X),(X),1.4,0.8,70.7,28.4,29.3,28.4
9700000US4207200,4207200,"Dallas School District, Pennsylvania",96.4,0.9,(X),(X),(X),(X),3.6,0.9,83.0,7.4,17.0,7.4
9700000US4207230,4207230,"Dallastown Area School District, Pennsylvania",94.9,1.3,(X),(X),(X),(X),5.1,1.3,71.2,10.4,28.8,10.4
9700000US4207290,4207290,"Daniel Boone Area School District, Pennsylvania",96.4,1.2,(X),(X),(X),(X),3.6,1.2,78.3,15.2,21.7,15.2
9700000US4207320,4207320,"Danville Area School District, Pennsylvania",93.8,0.9,(X),(X),(X),(X),6.2,0.9,67.1,12.5,32.9,12.5
9700000US4207530,4207530,"Delaware Valley School District, Pennsylvania",91.0,1.4,(X),(X),(X),(X),9.0,1.4,62.6,7.9,37.4,7.9
9700000US4207540,4207540,"Deer Lakes School District, Pennsylvania",98.9,0.6,(X),(X),(X),(X),1.1,0.6,51.0,24.2,49.0,24.2
9700000US4207560,4207560,"Derry Area School District, Pennsylvania",98.6,0.5,(X),(X),(X),(X),1.4,0.5,81.6,13.4,18.4,13.4
9700000US4207590,4207590,"Derry Township School District, Pennsylvania",87.5,2.7,(X),(X),(X),(X),12.5,2.7,70.5,8.4,29.5,8.4
9700000US4207650,4207650,"Donegal School District, Pennsylvania",95.4,1.8,(X),(X),(X),(X),4.6,1.8,74.8,19.2,25.2,19.2
9700000US4207680,4207680,"Dover Area School District, Pennsylvania",97.0,1.1,(X),(X),(X),(X),3.0,1.1,71.5,15.3,28.5,15.3
9700000US4207710,4207710,"Downingtown Area School District, Pennsylvania",89.2,1.2,(X),(X),(X),(X),10.8,1.2,72.1,5.1,27.9,5.1
9700000US4207830,4207830,"DuBois Area School District, Pennsylvania",96.3,0.8,(X),(X),(X),(X),3.7,0.8,83.8,5.3,16.2,5.3
9700000US4207980,4207980,"Dunmore School District, Pennsylvania",92.1,2.7,(X),(X),(X),(X),7.9,2.7,76.0,10.7,24.0,10.7
9700000US4208010,4208010,"Duquesne City School District, Pennsylvania",97.4,1.2,(X),(X),(X),(X),2.6,1.2,70.7,14.4,29.3,14.4
9700000US4208060,4208060,"East Allegheny School District, Pennsylvania",97.8,0.7,(X),(X),(X),(X),2.2,0.7,74.5,12.6,25.5,12.6
9700000US4208280,4208280,"Forest Area School District, Pennsylvania",94.3,2.6,(X),(X),(X),(X),5.7,2.6,86.8,10.5,13.2,10.5
9700000US4208460,4208460,"Eastern Lebanon County School District, Pennsylvania",93.4,1.5,(X),(X),(X),(X),6.6,1.5,63.1,8.6,36.9,8.6
9700000US4208490,4208490,"East Lycoming School District, Pennsylvania",98.1,0.7,(X),(X),(X),(X),1.9,0.7,54.5,12.5,45.5,12.5
9700000US4208550,4208550,"East Penn School District, Pennsylvania",90.1,1.5,(X),(X),(X),(X),9.9,1.5,68.2,4.6,31.8,4.6
9700000US4208580,4208580,"East Pennsboro Area School District, Pennsylvania",88.9,2.5,(X),(X),(X),(X),11.1,2.5,63.2,8.1,36.8,8.1
9700000US4208670,4208670,"East Stroudsburg Area School District, Pennsylvania",82.8,2.0,(X),(X),(X),(X),17.2,2.0,72.3,3.9,27.7,3.9
9700000US4208790,4208790,"Eastern York School District, Pennsylvania",96.8,1.1,(X),(X),(X),(X),3.2,1.1,82.8,10.4,17.2,10.4
9700000US4208820,4208820,"Eastern Lancaster County School District, Pennsylvania",75.4,3.1,(X),(X),(X),(X),24.6,3.1,58.7,6.2,41.3,6.2
9700000US4208850,4208850,"Easton Area School District, Pennsylvania",85.4,1.2,(X),(X),(X),(X),14.6,1.2,66.4,3.3,33.6,3.3
9700000US4209090,4209090,"Elizabeth Forward School District, Pennsylvania",97.6,0.9,(X),(X),(X),(X),2.4,0.9,79.6,17.8,20.4,17.8
9700000US4209120,4209120,"Elizabethtown Area School District, Pennsylvania",96.7,1.0,(X),(X),(X),(X),3.3,1.0,69.8,9.3,30.2,9.3
9700000US4209150,4209150,"Elk Lake School District, Pennsylvania",96.9,0.9,(X),(X),(X),(X),3.1,0.9,58.1,9.8,41.9,9.8
9700000US4209240,4209240,"Ellwood City Area School District, Pennsylvania",97.3,0.7,(X),(X),(X),(X),2.7,0.7,63.9,12.4,36.1,12.4
9700000US4209270,4209270,"Ephrata Area School District, Pennsylvania",88.4,2.3,(X),(X),(X),(X),11.6,2.3,55.9,7.1,44.1,7.1
9700000US4209300,4209300,"Erie City School District, Pennsylvania",89.4,0.8,(X),(X),(X),(X),10.6,0.8,58.0,3.0,42.0,3.0
9700000US4209360,4209360,"Everett Area School District, Pennsylvania",98.8,0.5,(X),(X),(X),(X),1.2,0.5,84.8,10.3,15.2,10.3
9700000US4209480,4209480,"Exeter Township School District, Pennsylvania",93.9,1.6,(X),(X),(X),(X),6.1,1.6,74.6,9.7,25.4,9.7
9700000US4209540,4209540,"Fairfield Area School District, Pennsylvania",97.4,1.2,(X),(X),(X),(X),2.6,1.2,70.8,19.2,29.2,19.2
9700000US4209570,4209570,"Fairview School District, Pennsylvania",95.4,1.8,(X),(X),(X),(X),4.6,1.8,63.2,13.6,36.8,13.6
9700000US4209600,4209600,"Karns City Area School District, Pennsylvania",97.9,0.8,(X),(X),(X),(X),2.1,0.8,83.7,11.2,16.3,11.2
9700000US4209660,4209660,"Fannett-Metal School District, Pennsylvania",82.6,6.7,(X),(X),(X),(X),17.4,6.7,71.0,15.8,29.0,15.8
9700000US4209690,4209690,"Farrell Area School District, Pennsylvania",97.4,1.1,(X),(X),(X),(X),2.6,1.1,72.7,16.4,27.3,16.4
9700000US4209750,4209750,"Ferndale Area School District, Pennsylvania",97.6,0.8,(X),(X),(X),(X),2.4,0.8,66.7,12.8,33.3,12.8
9700000US4209780,4209780,"Fleetwood Area School District, Pennsylvania",93.4,1.8,(X),(X),(X),(X),6.6,1.8,61.8,10.6,38.2,10.6
9700000US4209870,4209870,"Forbes Road School District, Pennsylvania",98.7,0.6,(X),(X),(X),(X),1.3,0.6,78.4,28.2,21.6,28.2
9700000US4209930,4209930,"Forest City Regional School District, Pennsylvania",96.3,1.1,(X),(X),(X),(X),3.7,1.1,88.4,8.4,11.6,8.4
9700000US4209940,4209940,"Forest Hills School District, Pennsylvania",97.9,1.2,(X),(X),(X),(X),2.1,1.2,65.4,15.8,34.6,15.8
9700000US4209960,4209960,"Fort Cherry School District, Pennsylvania",98.3,0.7,(X),(X),(X),(X),1.7,0.7,62.4,23.9,37.6,23.9
9700000US4209990,4209990,"Fort LeBoeuf School District, Pennsylvania",98.1,0.9,(X),(X),(X),(X),1.9,0.9,87.9,11.7,12.1,11.7
9700000US4210070,4210070,"Fox Chapel Area School District, Pennsylvania",89.9,1.8,(X),(X),(X),(X),10.1,1.8,69.3,6.9,30.7,6.9
9700000US4210110,4210110,"North Schuylkill School District, Pennsylvania",95.2,0.7,(X),(X),(X),(X),4.8,0.7,69.1,8.7,30.9,8.7
9700000US4210115,4210115,"North Star School District, Pennsylvania",98.5,0.6,(X),(X),(X),(X),1.5,0.6,79.8,14.1,20.2,14.1
9700000US4210200,4210200,"Franklin Area School District, Pennsylvania",97.7,0.6,(X),(X),(X),(X),2.3,0.6,79.8,8.8,20.2,8.8
9700000US4210230,4210230,"Franklin Regional School District, Pennsylvania",93.5,1.5,(X),(X),(X),(X),6.5,1.5,76.3,8.8,23.7,8.8
9700000US4210350,4210350,"Frazier School District, Pennsylvania",98.3,0.6,(X),(X),(X),(X),1.7,0.6,88.9,9.2,11.1,9.2
9700000US4210380,4210380,"Freedom Area School District, Pennsylvania",95.8,1.6,(X),(X),(X),(X),4.2,1.6,76.6,12.6,23.4,12.6
9700000US4210440,4210440,"Freeport Area School District, Pennsylvania",97.9,1.1,(X),(X),(X),(X),2.1,1.1,62.6,23.0,37.4,23.0
9700000US4210530,4210530,"Galeton Area School District, Pennsylvania",99.6,0.3,(X),(X),(X),(X),0.4,0.3,83.3,18.8,16.7,18.8
9700000US4210590,4210590,"Garnet Valley School District, Pennsylvania",93.1,1.2,(X),(X),(X),(X),6.9,1.2,80.7,6.6,19.3,6.6
9700000US4210620,4210620,"Gateway School District, Pennsylvania",91.5,1.5,(X),(X),(X),(X),8.5,1.5,71.4,6.5,28.6,6.5
9700000US4210650,4210650,"General McLane School District, Pennsylvania",96.2,1.6,(X),(X),(X),(X),3.8,1.6,68.0,13.2,32.0,13.2
9700000US4210710,4210710,"Gettysburg Area School District, Pennsylvania",93.1,1.5,(X),(X),(X),(X),6.9,1.5,62.8,8.9,37.2,8.9
9700000US4210740,4210740,"Girard School District, Pennsylvania",97.5,1.3,(X),(X),(X),(X),2.5,1.3,69.2,15.1,30.8,15.1
9700000US4210830,4210830,"Glendale School District, Pennsylvania",99.0,0.5,(X),(X),(X),(X),1.0,0.5,83.0,17.0,17.0,17.0
9700000US4210860,4210860,"Governor Mifflin School District, Pennsylvania",88.1,2.2,(X),(X),(X),(X),11.9,2.2,58.5,7.3,41.5,7.3
9700000US4210870,4210870,"Great Valley School District, Pennsylvania",85.0,2.3,(X),(X),(X),(X),15.0,2.3,58.9,8.6,41.1,8.6
9700000US4210920,4210920,"Greensburg Salem School District, Pennsylvania",97.5,0.7,(X),(X),(X),(X),2.5,0.7,82.0,7.9,18.0,7.9
9700000US4210950,4210950,"Greater Johnstown School District, Pennsylvania",96.5,0.7,(X),(X),(X),(X),3.5,0.7,75.8,9.7,24.2,9.7
9700000US4210980,4210980,"Greater Latrobe School District, Pennsylvania",97.0,0.7,(X),(X),(X),(X),3.0,0.7,73.8,9.9,26.2,9.9
9700000US4211010,4211010,"Greencastle-Antrim School District, Pennsylvania",96.6,1.6,(X),(X),(X),(X),3.4,1.6,86.6,12.8,13.4,12.8
9700000US4211160,4211160,"Greenville Area School District, Pennsylvania",96.1,1.4,(X),(X),(X),(X),3.9,1.4,65.7,15.6,34.3,15.6
9700000US4211190,4211190,"Greenwood School District, Pennsylvania",96.7,1.3,(X),(X),(X),(X),3.3,1.3,72.3,21.1,27.7,21.1
9700000US4211220,4211220,"Grove City Area School District, Pennsylvania",96.1,1.1,(X),(X),(X),(X),3.9,1.1,64.8,12.3,35.2,12.3
9700000US4211310,4211310,"Halifax Area School District, Pennsylvania",98.1,0.7,(X),(X),(X),(X),1.9,0.7,77.9,14.6,22.1,14.6
9700000US4211340,4211340,"Hamburg Area School District, Pennsylvania",94.3,1.3,(X),(X),(X),(X),5.7,1.3,70.5,8.8,29.5,8.8
9700000US4211400,4211400,"Hampton Township School District, Pennsylvania",94.7,1.9,(X),(X),(X),(X),5.3,1.9,77.1,10.2,22.9,10.2
9700000US4211420,4211420,"Hanover Area School District, Pennsylvania",97.1,0.8,(X),(X),(X),(X),2.9,0.8,79.0,9.7,21.0,9.7
9700000US4211450,4211450,"Hanover Public School District, Pennsylvania",92.3,2.6,(X),(X),(X),(X),7.7,2.6,47.1,12.2,52.9,12.2
9700000US4211490,4211490,"Harbor Creek School District, Pennsylvania",95.8,1.2,(X),(X),(X),(X),4.2,1.2,75.2,8.3,24.8,8.3
9700000US4211520,4211520,"Harmony Area School District, Pennsylvania",98.5,1.1,(X),(X),(X),(X),1.5,1.1,81.8,22.8,18.2,22.8
9700000US4211580,4211580,"Harrisburg City School District, Pennsylvania",81.3,1.6,(X),(X),(X),(X),18.7,1.6,53.7,5.9,46.3,5.9
9700000US4211610,4211610,"Hatboro-Horsham School District, Pennsylvania",88.9,1.5,(X),(X),(X),(X),11.1,1.5,61.1,7.0,38.9,7.0
9700000US4211670,4211670,"Haverford Township School District, Pennsylvania",89.8,1.3,(X),(X),(X),(X),10.2,1.3,71.5,4.6,28.5,4.6
9700000US4211700,4211700,"Hazleton Area School District, Pennsylvania",79.5,1.3,(X),(X),(X),(X),20.5,1.3,49.4,3.9,50.6,3.9
9700000US4211730,4211730,"Saucon Valley School District, Pennsylvania",93.6,2.1,(X),(X),(X),(X),6.4,2.1,89.0,6.2,11.0,6.2
9700000US4211760,4211760,"Hempfield Area School District, Pennsylvania",96.3,0.7,(X),(X),(X),(X),3.7,0.7,72.8,6.5,27.2,6.5
9700000US4211790,4211790,"Hempfield School District, Pennsylvania",91.2,1.5,(X),(X),(X),(X),8.8,1.5,61.3,8.1,38.7,8.1
9700000US4211820,4211820,"Hermitage School District, Pennsylvania",96.9,1.0,(X),(X),(X),(X),3.1,1.0,76.0,9.8,24.0,9.8
9700000US4211880,4211880,"Highlands School District, Pennsylvania",97.4,0.7,(X),(X),(X),(X),2.6,0.7,82.2,9.1,17.8,9.1
9700000US4211940,4211940,"Hollidaysburg Area School District, Pennsylvania",96.7,1.1,(X),(X),(X),(X),3.3,1.1,77.7,8.4,22.3,8.4
9700000US4212030,4212030,"Hopewell Area School District, Pennsylvania",97.3,0.7,(X),(X),(X),(X),2.7,0.7,79.4,11.0,20.6,11.0
9700000US4212090,4212090,"Huntingdon Area School District, Pennsylvania",94.7,0.7,(X),(X),(X),(X),5.3,0.7,70.6,6.3,29.4,6.3
9700000US4212150,4212150,"Indiana Area School District, Pennsylvania",95.3,0.8,(X),(X),(X),(X),4.7,0.8,73.8,9.1,26.2,9.1
9700000US4212170,4212170,"Interboro School District, Pennsylvania",93.4,1.6,(X),(X),(X),(X),6.6,1.6,70.4,9.1,29.6,9.1
9700000US4212210,4212210,"Iroquois School District, Pennsylvania",93.9,2.9,(X),(X),(X),(X),6.1,2.9,70.0,16.8,30.0,16.8
9700000US4212300,4212300,"Jamestown Area School District, Pennsylvania",93.3,2.9,(X),(X),(X),(X),6.7,2.9,77.2,11.6,22.8,11.6
9700000US4212330,4212330,"Jeannette City School District, Pennsylvania",97.1,1.3,(X),(X),(X),(X),2.9,1.3,73.6,14.4,26.4,14.4
9700000US4212390,4212390,"Jefferson-Morgan School District, Pennsylvania",98.3,0.9,(X),(X),(X),(X),1.7,0.9,95.0,7.6,5.0,7.6
9700000US4212420,4212420,"Jenkintown School District, Pennsylvania",90.3,4.6,(X),(X),(X),(X),9.7,4.6,85.0,10.5,15.0,10.5
9700000US4212480,4212480,"Jersey Shore Area School District, Pennsylvania",97.1,0.9,(X),(X),(X),(X),2.9,0.9,77.3,8.7,22.7,8.7
9700000US4212540,4212540,"Jim Thorpe Area School District, Pennsylvania",92.9,3.4,(X),(X),(X),(X),7.1,3.4,77.7,11.7,22.3,11.7
9700000US4212570,4212570,"Johnsonburg Area School District, Pennsylvania",96.6,1.3,(X),(X),(X),(X),3.4,1.3,65.8,16.1,34.2,16.1
9700000US4212600,4212600,"Juniata County School District, Pennsylvania",93.2,1.3,(X),(X),(X),(X),6.8,1.3,46.6,7.1,53.4,7.1
9700000US4212630,4212630,"Juniata Valley School District, Pennsylvania",98.3,0.7,(X),(X),(X),(X),1.7,0.7,78.2,16.7,21.8,16.7
9700000US4212660,4212660,"Kane Area School District, Pennsylvania",97.7,1.1,(X),(X),(X),(X),2.3,1.1,76.3,16.4,23.8,16.4
9700000US4212690,4212690,"Kennett Consolidated School District, Pennsylvania",75.1,2.5,(X),(X),(X),(X),24.9,2.5,32.2,5.4,67.8,5.4
9700000US4212720,4212720,"Keystone School District, Pennsylvania",96.5,1.6,(X),(X),(X),(X),3.5,1.6,80.2,11.6,19.8,11.6
9700000US4212725,4212725,"Keystone Central School District, Pennsylvania",94.3,0.8,(X),(X),(X),(X),5.7,0.8,67.9,5.1,32.1,5.1
9700000US4212750,4212750,"Keystone Oaks School District, Pennsylvania",90.1,2.2,(X),(X),(X),(X),9.9,2.2,51.3,10.7,48.7,10.7
9700000US4212840,4212840,"Kiski Area School District, Pennsylvania",98.1,0.5,(X),(X),(X),(X),1.9,0.5,79.0,8.9,21.0,8.9
9700000US4212930,4212930,"Kutztown Area School District, Pennsylvania",92.0,1.7,(X),(X),(X),(X),8.0,1.7,87.2,5.2,12.8,5.2
9700000US4212990,4212990,"Lackawanna Trail School District, Pennsylvania",97.6,0.7,(X),(X),(X),(X),2.4,0.7,81.1,12.3,18.9,12.3
9700000US4213020,4213020,"Lake-Lehman School District, Pennsylvania",95.1,1.5,(X),(X),(X),(X),4.9,1.5,70.6,13.6,29.4,13.6
9700000US4213050,4213050,"Lakeland School District, Pennsylvania",96.1,1.2,(X),(X),(X),(X),3.9,1.2,75.0,12.5,25.0,12.5
9700000US4213080,4213080,"Lakeview School District, Pennsylvania",91.9,1.9,(X),(X),(X),(X),8.1,1.9,46.9,12.6,53.1,12.6
9700000US4213110,4213110,"Lampeter-Strasburg School District, Pennsylvania",93.1,2.2,(X),(X),(X),(X),6.9,2.2,62.5,12.6,37.5,12.6
9700000US4213140,4213140,"Lancaster School District, Pennsylvania",67.0,1.8,(X),(X),(X),(X),33.0,1.8,60.4,3.0,39.6,3.0
9700000US4213290,4213290,"Homer-Center School District, Pennsylvania",98.2,1.6,(X),(X),(X),(X),1.8,1.6,33.6,38.8,66.4,38.8
9700000US4213320,4213320,"Laurel Highlands School District, Pennsylvania",97.3,0.8,(X),(X),(X),(X),2.7,0.8,84.4,10.9,15.6,10.9
9700000US4213380,4213380,"Laurel School District, Pennsylvania",98.1,1.0,(X),(X),(X),(X),1.9,1.0,68.8,22.5,31.2,22.5
9700000US4213440,4213440,"Lebanon School District, Pennsylvania",74.7,2.1,(X),(X),(X),(X),25.3,2.1,50.7,5.1,49.3,5.1
9700000US4213470,4213470,"Leechburg Area School District, Pennsylvania",97.7,0.9,(X),(X),(X),(X),2.3,0.9,65.2,23.0,34.8,23.0
9700000US4213500,4213500,"Lehighton Area School District, Pennsylvania",95.7,1.5,(X),(X),(X),(X),4.3,1.5,71.2,13.3,28.8,13.3
9700000US4213590,4213590,"Lewisburg Area School District, Pennsylvania",91.0,1.4,(X),(X),(X),(X),9.0,1.4,73.1,5.9,26.9,5.9
9700000US4213710,4213710,"Ligonier Valley School District, Pennsylvania",97.5,0.7,(X),(X),(X),(X),2.5,0.7,82.0,9.1,18.0,9.1
9700000US4213770,4213770,"Penn Cambria School District, Pennsylvania",94.5,1.0,(X),(X),(X),(X),5.5,1.0,68.9,11.1,31.1,11.1
9700000US4213980,4213980,"Littlestown Area School District, Pennsylvania",98.0,0.6,(X),(X),(X),(X),2.0,0.6,71.4,10.5,28.6,10.5
9700000US4214100,4214100,"Lower Dauphin School District, Pennsylvania",95.6,1.3,(X),(X),(X),(X),4.4,1.3,78.7,13.1,21.3,13.1
9700000US4214160,4214160,"Lower Merion School District, Pennsylvania",85.4,1.2,(X),(X),(X),(X),14.6,1.2,73.8,3.3,26.2,3.3
9700000US4214190,4214190,"Lower Moreland Township School District, Pennsylvania",77.1,4.0,(X),(X),(X),(X),22.9,4.0,66.3,5.2,33.7,5.2
9700000US4214250,4214250,"Methacton School District, Pennsylvania",85.0,1.9,(X),(X),(X),(X),15.0,1.9,69.5,4.8,30.5,4.8
9700000US4214310,4214310,"Loyalsock Township School District, Pennsylvania",94.9,2.1,(X),(X),(X),(X),5.1,2.1,70.6,21.5,29.4,21.5
9700000US4214430,4214430,"Mahanoy Area School District, Pennsylvania",93.4,1.4,(X),(X),(X),(X),6.6,1.4,68.9,8.4,31.1,8.4
9700000US4214460,4214460,"Line Mountain School District, Pennsylvania",96.0,0.9,(X),(X),(X),(X),4.0,0.9,72.7,8.9,27.3,8.9
9700000US4214550,4214550,"Manheim Central School District, Pennsylvania",95.1,1.7,(X),(X),(X),(X),4.9,1.7,71.0,13.2,29.0,13.2
9700000US4214580,4214580,"Manheim Township School District, Pennsylvania",89.3,1.5,(X),(X),(X),(X),10.7,1.5,66.6,6.3,33.4,6.3
9700000US4214730,4214730,"Marion Center Area School District, Pennsylvania",92.5,2.0,(X),(X),(X),(X),7.5,2.0,73.6,9.0,26.4,9.0
9700000US4214760,4214760,"Marple Newtown School District, Pennsylvania",85.6,1.7,(X),(X),(X),(X),14.4,1.7,61.9,4.7,38.1,4.7
9700000US4214790,4214790,"Mars Area School District, Pennsylvania",96.9,1.0,(X),(X),(X),(X),3.1,1.0,78.3,10.7,21.7,10.7
9700000US4214850,4214850,"Central Fulton School District, Pennsylvania",99.0,0.4,(X),(X),(X),(X),1.0,0.4,63.2,17.2,36.8,17.2
9700000US4214880,4214880,"McGuffey School District, Pennsylvania",98.2,0.7,(X),(X),(X),(X),1.8,0.7,75.5,12.0,24.5,12.0
9700000US4214940,4214940,"McKeesport Area School District, Pennsylvania",95.4,1.3,(X),(X),(X),(X),4.6,1.3,71.7,10.4,28.3,10.4
9700000US4215030,4215030,"Mechanicsburg Area School District, Pennsylvania",93.8,1.5,(X),(X),(X),(X),6.2,1.5,68.0,9.8,32.0,9.8
9700000US4215120,4215120,"Mercer Area School District, Pennsylvania",95.5,0.9,(X),(X),(X),(X),4.5,0.9,63.6,10.4,36.4,10.4
9700000US4215150,4215150,"Meyersdale Area School District, Pennsylvania",92.6,2.1,(X),(X),(X),(X),7.4,2.1,42.1,12.8,57.9,12.8
9700000US4215170,4215170,"Mid Valley School District, Pennsylvania",95.4,1.4,(X),(X),(X),(X),4.6,1.4,64.7,15.0,35.3,15.0
9700000US4215210,4215210,"Midd-West School District, Pennsylvania",93.9,1.2,(X),(X),(X),(X),6.1,1.2,67.9,7.9,32.1,7.9
9700000US4215240,4215240,"Middletown Area School District, Pennsylvania",93.5,1.6,(X),(X),(X),(X),6.5,1.6,74.6,10.5,25.4,10.5
9700000US4215270,4215270,"Midland Borough School District, Pennsylvania",95.1,4.1,(X),(X),(X),(X),4.9,4.1,45.0,41.4,55.0,41.4
9700000US4215290,4215290,"Mifflin County School District, Pennsylvania",90.9,1.4,(X),(X),(X),(X),9.1,1.4,50.3,7.2,49.7,7.2
9700000US4215330,4215330,"Millcreek Township School District, Pennsylvania",94.7,0.9,(X),(X),(X),(X),5.3,0.9,77.8,5.0,22.2,5.0
9700000US4215360,4215360,"Millersburg Area School District, Pennsylvania",97.0,1.6,(X),(X),(X),(X),3.0,1.6,47.1,25.9,52.9,25.9
9700000US4215450,4215450,"Millville Area School District, Pennsylvania",97.6,0.9,(X),(X),(X),(X),2.4,0.9,65.6,14.8,34.4,14.8
9700000US4215480,4215480,"Milton Area School District, Pennsylvania",96.5,1.1,(X),(X),(X),(X),3.5,1.1,62.6,16.4,37.4,16.4
9700000US4215510,4215510,"Minersville Area School District, Pennsylvania",98.1,0.9,(X),(X),(X),(X),1.9,0.9,72.5,16.2,27.5,16.2
9700000US4215540,4215540,"Mohawk Area School District, Pennsylvania",96.5,1.2,(X),(X),(X),(X),3.5,1.2,55.4,17.1,44.6,17.1
9700000US4215600,4215600,"Monessen City School District, Pennsylvania",95.3,2.1,(X),(X),(X),(X),4.7,2.1,61.9,10.9,38.1,10.9
9700000US4215660,4215660,"Montgomery Area School District, Pennsylvania",91.7,2.6,(X),(X),(X),(X),8.3,2.6,71.6,9.3,28.4,9.3
9700000US4215720,4215720,"Montour School District, Pennsylvania",95.2,1.4,(X),(X),(X),(X),4.8,1.4,64.9,18.0,35.1,18.0
9700000US4215750,4215750,"Montoursville Area School District, Pennsylvania",97.9,1.0,(X),(X),(X),(X),2.1,1.0,76.0,17.4,24.0,17.4
9700000US4215810,4215810,"Montrose Area School District, Pennsylvania",97.5,0.7,(X),(X),(X),(X),2.5,0.7,77.3,11.2,22.7,11.2
9700000US4215830,4215830,"Moon Area School District, Pennsylvania",92.3,1.7,(X),(X),(X),(X),7.7,1.7,60.7,13.9,39.3,13.9
9700000US4215900,4215900,"Morrisville Borough School District, Pennsylvania",79.8,5.2,(X),(X),(X),(X),20.2,5.2,56.4,13.9,43.6,13.9
9700000US4215960,4215960,"Moshannon Valley School District, Pennsylvania",94.4,1.1,(X),(X),(X),(X),5.6,1.1,82.2,9.4,17.8,9.4
9700000US4215990,4215990,"Mount Carmel Area School District, Pennsylvania",94.9,2.5,(X),(X),(X),(X),5.1,2.5,77.0,10.1,23.0,10.1
9700000US4216020,4216020,"Mount Union Area School District, Pennsylvania",95.7,3.1,(X),(X),(X),(X),4.3,3.1,83.8,18.0,16.2,18.0
9700000US4216050,4216050,"Mountain View School District, Pennsylvania",98.4,0.6,(X),(X),(X),(X),1.6,0.6,80.0,14.4,20.0,14.4
9700000US4216110,4216110,"Mt. Lebanon School District, Pennsylvania",90.1,1.7,(X),(X),(X),(X),9.9,1.7,72.4,7.3,27.6,7.3
9700000US4216170,4216170,"Mount Pleasant Area School District, Pennsylvania",97.5,0.9,(X),(X),(X),(X),2.5,0.9,67.9,23.9,32.1,23.9
9700000US4216200,4216200,"Muhlenberg School District, Pennsylvania",83.0,2.2,(X),(X),(X),(X),17.0,2.2,65.5,7.4,34.5,7.4
9700000US4216230,4216230,"Muncy School District, Pennsylvania",98.5,0.7,(X),(X),(X),(X),1.5,0.7,74.0,12.8,26.0,12.8
9700000US4216290,4216290,"Greater Nanticoke Area School District, Pennsylvania",95.3,1.0,(X),(X),(X),(X),4.7,1.0,69.8,11.2,30.2,11.2
9700000US4216380,4216380,"Nazareth Area School District, Pennsylvania",95.9,1.0,(X),(X),(X),(X),4.1,1.0,63.0,8.3,37.0,8.3
9700000US4216410,4216410,"Neshaminy School District, Pennsylvania",90.1,1.1,(X),(X),(X),(X),9.9,1.1,69.7,3.7,30.3,3.7
9700000US4216440,4216440,"Neshannock Township School District, Pennsylvania",96.5,1.6,(X),(X),(X),(X),3.5,1.6,58.6,17.9,41.4,17.9
9700000US4216500,4216500,"Woodland Hills School District, Pennsylvania",93.7,0.9,(X),(X),(X),(X),6.3,0.9,74.2,5.8,25.8,5.8
9700000US4216530,4216530,"New Brighton Area School District, Pennsylvania",97.8,0.8,(X),(X),(X),(X),2.2,0.8,81.9,17.8,18.1,17.8
9700000US4216620,4216620,"New Castle Area School District, Pennsylvania",95.8,0.9,(X),(X),(X),(X),4.2,0.9,59.3,10.1,40.7,10.1
9700000US4216740,4216740,"New Kensington-Arnold School District, Pennsylvania",96.6,0.9,(X),(X),(X),(X),3.4,0.9,74.3,11.7,25.7,11.7
9700000US4216860,4216860,"New Hope-Solebury School District, Pennsylvania",89.7,2.9,(X),(X),(X),(X),10.3,2.9,71.1,11.6,28.9,11.6
9700000US4216890,4216890,"Newport School District, Pennsylvania",98.2,0.6,(X),(X),(X),(X),1.8,0.6,94.4,6.3,5.6,6.3
9700000US4216980,4216980,"Norristown Area School District, Pennsylvania",82.5,1.7,(X),(X),(X),(X),17.5,1.7,37.9,4.2,62.1,4.2
9700000US4217010,4217010,"North Allegheny School District, Pennsylvania",90.4,1.2,(X),(X),(X),(X),9.6,1.2,75.2,4.6,24.8,4.6
9700000US4217100,4217100,"Moniteau School District, Pennsylvania",98.9,0.3,(X),(X),(X),(X),1.1,0.3,88.4,10.4,11.6,10.4
9700000US4217130,4217130,"North Clarion County School District, Pennsylvania",97.0,1.7,(X),(X),(X),(X),3.0,1.7,69.4,20.1,30.6,20.1
9700000US4217160,4217160,"North East School District, Pennsylvania",95.0,2.0,(X),(X),(X),(X),5.0,2.0,74.0,13.6,26.0,13.6
9700000US4217220,4217220,"North Hills School District, Pennsylvania",94.5,0.9,(X),(X),(X),(X),5.5,0.9,61.6,7.0,38.4,7.0
9700000US4217280,4217280,"North Penn School District, Pennsylvania",82.5,0.9,(X),(X),(X),(X),17.5,0.9,59.7,3.0,40.3,3.0
9700000US4217310,4217310,"North Pocono School District, Pennsylvania",95.7,0.8,(X),(X),(X),(X),4.3,0.8,69.4,7.4,30.6,7.4
9700000US4217370,4217370,"Northampton Area School District, Pennsylvania",94.6,1.1,(X),(X),(X),(X),5.4,1.1,57.2,7.6,42.8,7.6
9700000US4217430,4217430,"Riverside Beaver County School District, Pennsylvania",97.9,0.8,(X),(X),(X),(X),2.1,0.8,73.2,20.7,26.8,20.7
9700000US4217460,4217460,"Northeast Bradford School District, Pennsylvania",95.7,1.4,(X),(X),(X),(X),4.3,1.4,49.1,14.0,50.9,14.0
9700000US4217520,4217520,"Northeastern York School District, Pennsylvania",94.5,2.1,(X),(X),(X),(X),5.5,2.1,71.2,9.8,28.8,9.8
9700000US4217580,4217580,"Northern Bedford County School District, Pennsylvania",90.3,2.3,(X),(X),(X),(X),9.7,2.3,78.4,9.2,21.6,9.2
9700000US4217610,4217610,"Northern Cambria School District, Pennsylvania",98.3,0.8,(X),(X),(X),(X),1.7,0.8,78.9,20.8,21.1,20.8
9700000US4217640,4217640,"Northern Lebanon School District, Pennsylvania",95.2,1.3,(X),(X),(X),(X),4.8,1.3,62.8,9.6,37.2,9.6
9700000US4217670,4217670,"Northern Lehigh School District, Pennsylvania",94.8,1.8,(X),(X),(X),(X),5.2,1.8,52.3,15.1,47.7,15.1
9700000US4217700,4217700,"Northern Potter School District, Pennsylvania",97.1,1.1,(X),(X),(X),(X),2.9,1.1,60.5,10.3,39.5,10.3
9700000US4217730,4217730,"Northern Tioga School District, Pennsylvania",98.9,0.3,(X),(X),(X),(X),1.1,0.3,74.5,11.2,25.5,11.2
9700000US4217760,4217760,"Northern York County School District, Pennsylvania",95.7,1.8,(X),(X),(X),(X),4.3,1.8,71.7,14.7,28.3,14.7
9700000US4217770,4217770,"Northgate School District, Pennsylvania",94.4,1.6,(X),(X),(X),(X),5.6,1.6,64.0,14.2,36.0,14.2
9700000US4217790,4217790,"Northwest Area School District, Pennsylvania",98.2,0.8,(X),(X),(X),(X),1.8,0.8,82.3,10.1,17.7,10.1
9700000US4217850,4217850,"Northwestern Lehigh School District, Pennsylvania",96.8,1.0,(X),(X),(X),(X),3.2,1.0,78.1,10.4,21.9,10.4
9700000US4217880,4217880,"Northwestern School District, Pennsylvania",94.5,1.5,(X),(X),(X),(X),5.5,1.5,83.8,9.2,16.2,9.2
9700000US4217940,4217940,"Norwin School District, Pennsylvania",96.4,0.9,(X),(X),(X),(X),3.6,0.9,68.7,8.0,31.3,8.0
9700000US4218030,4218030,"Octorara Area School District, Pennsylvania",84.7,2.6,(X),(X),(X),(X),15.3,2.6,73.0,4.7,27.0,4.7
9700000US4218090,4218090,"Oil City Area School District, Pennsylvania",98.0,0.7,(X),(X),(X),(X),2.0,0.7,76.3,16.9,23.7,16.9
9700000US4218120,4218120,"Old Forge School District, Pennsylvania",95.3,1.7,(X),(X),(X),(X),4.7,1.7,80.3,17.4,19.7,17.4
9700000US4218150,4218150,"Oley Valley School District, Pennsylvania",95.9,1.4,(X),(X),(X),(X),4.1,1.4,82.4,10.5,17.6,10.5
9700000US4218210,4218210,"Oswayo Valley School District, Pennsylvania",98.7,1.0,(X),(X),(X),(X),1.3,1.0,87.2,14.4,12.8,14.4
9700000US4218240,4218240,"Otto-Eldred School District, Pennsylvania",98.4,0.8,(X),(X),(X),(X),1.6,0.8,78.7,26.5,21.3,26.5
9700000US4218270,4218270,"Owen J. Roberts School District, Pennsylvania",95.1,1.2,(X),(X),(X),(X),4.9,1.2,71.5,7.6,28.5,7.6
9700000US4218300,4218300,"Oxford Area School District, Pennsylvania",84.1,2.8,(X),(X),(X),(X),15.9,2.8,48.3,9.7,51.7,9.7
9700000US4218330,4218330,"Palisades School District, Pennsylvania",96.2,1.2,(X),(X),(X),(X),3.8,1.2,76.4,11.7,23.6,11.7
9700000US4218360,4218360,"Palmerton Area School District, Pennsylvania",95.3,1.8,(X),(X),(X),(X),4.7,1.8,75.3,11.9,24.7,11.9
9700000US4218390,4218390,"Palmyra Area School District, Pennsylvania",95.7,1.1,(X),(X),(X),(X),4.3,1.1,61.7,12.9,38.3,12.9
9700000US4218450,4218450,"Panther Valley School District, Pennsylvania",96.5,1.5,(X),(X),(X),(X),3.5,1.5,92.1,7.3,7.9,7.3
9700000US4218510,4218510,"Parkland School District, Pennsylvania",86.1,1.5,(X),(X),(X),(X),13.9,1.5,68.9,5.7,31.1,5.7
9700000US4218570,4218570,"Pen Argyl Area School District, Pennsylvania",96.1,1.3,(X),(X),(X),(X),3.9,1.3,74.6,12.9,25.4,12.9
9700000US4218580,4218580,"Penn-Delco School District, Pennsylvania",95.0,1.1,(X),(X),(X),(X),5.0,1.1,71.4,10.4,28.6,10.4
9700000US4218590,4218590,"Penn Hills School District, Pennsylvania",95.8,0.9,(X),(X),(X),(X),4.2,0.9,74.4,7.2,25.6,7.2
9700000US4218630,4218630,"Penn Manor School District, Pennsylvania",92.7,1.2,(X),(X),(X),(X),7.3,1.2,70.4,6.8,29.6,6.8
9700000US4218660,4218660,"Penn-Trafford School District, Pennsylvania",97.3,0.8,(X),(X),(X),(X),2.7,0.8,82.7,8.4,17.3,8.4
9700000US4218740,4218740,"Penncrest School District, Pennsylvania",95.1,1.2,(X),(X),(X),(X),4.9,1.2,71.9,8.2,28.1,8.2
9700000US4218750,4218750,"Pennridge School District, Pennsylvania",94.6,0.8,(X),(X),(X),(X),5.4,0.8,59.9,9.1,40.1,9.1
9700000US4218780,4218780,"Penns Manor Area School District, Pennsylvania",95.8,2.3,(X),(X),(X),(X),4.2,2.3,77.5,13.5,22.5,13.5
9700000US4218810,4218810,"Penns Valley Area School District, Pennsylvania",90.7,2.1,(X),(X),(X),(X),9.3,2.1,70.4,9.3,29.6,9.3
9700000US4218840,4218840,"Pennsbury School District, Pennsylvania",89.8,1.1,(X),(X),(X),(X),10.2,1.1,68.4,5.7,31.6,5.7
9700000US4218900,4218900,"Pequea Valley School District, Pennsylvania",58.1,4.4,(X),(X),(X),(X),41.9,4.4,77.8,4.8,22.2,4.8
9700000US4218930,4218930,"Perkiomen Valley School District, Pennsylvania",91.4,1.3,(X),(X),(X),(X),8.6,1.3,72.6,5.0,27.4,5.0
9700000US4218960,4218960,"Peters Township School District, Pennsylvania",95.1,1.3,(X),(X),(X),(X),4.9,1.3,65.2,11.8,34.8,11.8
9700000US4218990,4218990,"Philadelphia City School District, Pennsylvania",78.5,0.3,(X),(X),(X),(X),21.5,0.3,55.1,0.8,44.9,0.8
9700000US4219020,4219020,"Philipsburg-Osceola Area School District, Pennsylvania",93.0,1.2,(X),(X),(X),(X),7.0,1.2,37.0,9.1,63.0,9.1
9700000US4219050,4219050,"Phoenixville Area School District, Pennsylvania",90.6,1.8,(X),(X),(X),(X),9.4,1.8,54.7,9.4,45.3,9.4
9700000US4219140,4219140,"Pine Grove Area School District, Pennsylvania",96.9,1.1,(X),(X),(X),(X),3.1,1.1,60.7,19.5,39.3,19.5
9700000US4219170,4219170,"Pittsburgh School District, Pennsylvania",90.1,0.4,(X),(X),(X),(X),9.9,0.4,66.4,2.1,33.6,2.1
9700000US4219200,4219200,"Pittston Area School District, Pennsylvania",96.1,0.8,(X),(X),(X),(X),3.9,0.8,67.3,10.6,32.7,10.6
9700000US4219290,4219290,"Pleasant Valley School District, Pennsylvania",92.3,1.7,(X),(X),(X),(X),7.7,1.7,73.4,8.7,26.6,8.7
9700000US4219350,4219350,"Plum Borough School District, Pennsylvania",95.3,1.2,(X),(X),(X),(X),4.7,1.2,66.4,11.0,33.6,11.0
9700000US4219470,4219470,"Colonial School District, Pennsylvania",91.9,1.1,(X),(X),(X),(X),8.1,1.1,67.2,5.5,32.8,5.5
9700000US4219500,4219500,"Pocono Mountain School District, Pennsylvania",85.1,1.8,(X),(X),(X),(X),14.9,1.8,69.7,4.3,30.3,4.3
9700000US4219530,4219530,"Port Allegany School District, Pennsylvania",98.3,0.6,(X),(X),(X),(X),1.7,0.6,89.4,7.9,10.6,7.9
9700000US4219560,4219560,"Portage Area School District, Pennsylvania",97.5,1.7,(X),(X),(X),(X),2.5,1.7,88.2,16.0,11.8,16.0
9700000US4219650,4219650,"Pottsgrove School District, Pennsylvania",94.7,1.2,(X),(X),(X),(X),5.3,1.2,80.5,7.1,19.5,7.1
9700000US4219680,4219680,"Pottstown School District, Pennsylvania",95.2,1.3,(X),(X),(X),(X),4.8,1.3,65.7,14.5,34.3,14.5
9700000US4219710,4219710,"Pottsville Area School District, Pennsylvania",97.0,0.8,(X),(X),(X),(X),3.0,0.8,67.5,11.8,32.5,11.8
9700000US4219800,4219800,"Punxsutawney Area School District, Pennsylvania",93.1,1.3,(X),(X),(X),(X),6.9,1.3,74.5,6.7,25.5,6.7
9700000US4219830,4219830,"Purchase Line School District, Pennsylvania",97.2,1.5,(X),(X),(X),(X),2.8,1.5,78.4,14.5,21.6,14.5
9700000US4219860,4219860,"Quaker Valley School District, Pennsylvania",93.6,1.2,(X),(X),(X),(X),6.4,1.2,69.1,8.3,30.9,8.3
9700000US4219890,4219890,"Quakertown Community School District, Pennsylvania",94.6,1.1,(X),(X),(X),(X),5.4,1.1,62.0,8.8,38.0,8.8
9700000US4219920,4219920,"Radnor Township School District, Pennsylvania",87.1,1.7,(X),(X),(X),(X),12.9,1.7,73.3,5.0,26.7,5.0
9700000US4220040,4220040,"Reading School District, Pennsylvania",51.0,1.6,(X),(X),(X),(X),49.0,1.6,54.3,1.8,45.7,1.8
9700000US4220100,4220100,"Red Lion Area School District, Pennsylvania",97.3,0.8,(X),(X),(X),(X),2.7,0.8,65.6,11.1,34.4,11.1
9700000US4220130,4220130,"Redbank Valley School District, Pennsylvania",99.2,0.3,(X),(X),(X),(X),0.8,0.3,91.9,9.0,8.1,9.0
9700000US4220220,4220220,"Reynolds School District, Pennsylvania",94.3,2.8,(X),(X),(X),(X),5.7,2.8,69.9,21.1,30.1,21.1
9700000US4220250,4220250,"Richland School District, Pennsylvania",94.5,1.6,(X),(X),(X),(X),5.5,1.6,85.1,10.1,14.9,10.1
9700000US4220310,4220310,"Ridgway Area School District, Pennsylvania",98.4,0.8,(X),(X),(X),(X),1.6,0.8,44.7,20.9,55.3,20.9
9700000US4220370,4220370,"Ridley School District, Pennsylvania",94.0,1.1,(X),(X),(X),(X),6.0,1.1,67.9,6.1,32.1,6.1
9700000US4220400,4220400,"Ringgold School District, Pennsylvania",97.4,0.6,(X),(X),(X),(X),2.6,0.6,75.8,9.2,24.2,9.2
9700000US4220430,4220430,"Riverview School District, Pennsylvania",98.0,0.8,(X),(X),(X),(X),2.0,0.8,77.0,14.9,23.0,14.9
9700000US4220460,4220460,"Rochester Area School District, Pennsylvania",97.8,1.2,(X),(X),(X),(X),2.2,1.2,45.2,29.6,54.8,29.6
9700000US4220520,4220520,"Rockwood Area School District, Pennsylvania",97.3,0.8,(X),(X),(X),(X),2.7,0.8,76.0,8.2,24.0,8.2
9700000US4220550,4220550,"Rose Tree Media School District, Pennsylvania",90.5,1.3,(X),(X),(X),(X),9.5,1.3,74.9,6.8,25.1,6.8
9700000US4220580,4220580,"South Fayette Township School District, Pennsylvania",92.0,2.2,(X),(X),(X),(X),8.0,2.2,66.7,12.5,33.3,12.5
9700000US4220640,4220640,"St. Marys Area School District, Pennsylvania",98.4,0.5,(X),(X),(X),(X),1.6,0.5,95.8,3.7,4.2,3.7
9700000US4220730,4220730,"Salisbury Township School District, Pennsylvania",84.9,4.0,(X),(X),(X),(X),15.1,4.0,62.6,11.5,37.4,11.5
9700000US4220760,4220760,"Salisbury-Elk Lick School District, Pennsylvania",80.2,5.7,(X),(X),(X),(X),19.8,5.7,50.7,13.5,49.3,13.5
9700000US4220850,4220850,"Sayre Area School District, Pennsylvania",96.7,1.4,(X),(X),(X),(X),3.3,1.4,64.3,17.3,35.7,17.3
9700000US4220910,4220910,"Schuylkill Haven Area School District, Pennsylvania",97.9,1.0,(X),(X),(X),(X),2.1,1.0,69.1,21.9,30.9,21.9
9700000US4220970,4220970,"Schuylkill Valley School District, Pennsylvania",90.7,2.2,(X),(X),(X),(X),9.3,2.2,68.1,6.1,31.9,6.1
9700000US4221090,4221090,"Scranton School District, Pennsylvania",85.8,1.0,(X),(X),(X),(X),14.2,1.0,50.4,4.5,49.6,4.5
9700000US4221120,4221120,"Selinsgrove Area School District, Pennsylvania",88.7,2.1,(X),(X),(X),(X),11.3,2.1,62.7,8.7,37.3,8.7
9700000US4221150,4221150,"Yough School District, Pennsylvania",99.1,0.4,(X),(X),(X),(X),0.9,0.4,48.6,17.9,51.4,17.9
9700000US4221180,4221180,"Shade-Central City School District, Pennsylvania",97.3,1.4,(X),(X),(X),(X),2.7,1.4,86.0,11.8,14.0,11.8
9700000US4221200,4221200,"Shaler Area School District, Pennsylvania",96.2,0.6,(X),(X),(X),(X),3.8,0.6,62.9,9.7,37.1,9.7
9700000US4221240,4221240,"Shamokin Area School District, Pennsylvania",96.5,1.1,(X),(X),(X),(X),3.5,1.1,73.6,11.3,26.4,11.3
9700000US4221270,4221270,"Shanksville-Stonycreek School District, Pennsylvania",95.2,2.2,(X),(X),(X),(X),4.8,2.2,60.2,24.8,39.8,24.8
9700000US4221330,4221330,"Sharon City School District, Pennsylvania",95.8,1.3,(X),(X),(X),(X),4.2,1.3,64.3,13.8,35.7,13.8
9700000US4221420,4221420,"Sharpsville Area School District, Pennsylvania",97.3,1.1,(X),(X),(X),(X),2.7,1.1,68.4,14.0,31.6,14.0
9700000US4221490,4221490,"Shenandoah Valley School District, Pennsylvania",89.3,2.4,(X),(X),(X),(X),10.7,2.4,38.6,12.7,61.4,12.7
9700000US4221510,4221510,"Shenango Area School District, Pennsylvania",95.9,1.6,(X),(X),(X),(X),4.1,1.6,51.7,15.5,48.3,15.5
9700000US4221540,4221540,"Shikellamy School District, Pennsylvania",95.9,1.0,(X),(X),(X),(X),4.1,1.0,56.7,9.5,43.3,9.5
9700000US4221570,4221570,"Shippensburg Area School District, Pennsylvania",91.3,2.3,(X),(X),(X),(X),8.7,2.3,68.2,8.0,31.8,8.0
9700000US4221660,4221660,"Slippery Rock Area School District, Pennsylvania",96.0,1.1,(X),(X),(X),(X),4.0,1.1,75.2,6.5,24.8,6.5
9700000US4221690,4221690,"Smethport Area School District, Pennsylvania",98.0,0.7,(X),(X),(X),(X),2.0,0.7,76.1,16.5,23.9,16.5
9700000US4221810,4221810,"Solanco School District, Pennsylvania",78.6,2.9,(X),(X),(X),(X),21.4,2.9,60.0,5.3,40.0,5.3
9700000US4221840,4221840,"Somerset Area School District, Pennsylvania",96.1,0.8,(X),(X),(X),(X),3.9,0.8,75.2,8.8,24.8,8.8
9700000US4221870,4221870,"Souderton Area School District, Pennsylvania",91.9,1.3,(X),(X),(X),(X),8.1,1.3,63.4,5.2,36.6,5.2
9700000US4221910,4221910,"South Allegheny School District, Pennsylvania",96.8,0.8,(X),(X),(X),(X),3.2,0.8,77.5,10.4,22.5,10.4
9700000US4221930,4221930,"South Butler County School District, Pennsylvania",97.2,0.7,(X),(X),(X),(X),2.8,0.7,87.6,6.2,12.4,6.2
9700000US4222050,4222050,"South Middleton School District, Pennsylvania",98.1,0.7,(X),(X),(X),(X),1.9,0.7,71.5,19.5,28.5,19.5
9700000US4222060,4222060,"South Park School District, Pennsylvania",97.1,1.1,(X),(X),(X),(X),2.9,1.1,66.5,17.3,33.5,17.3
9700000US4222140,4222140,"South Williamsport Area School District, Pennsylvania",97.5,1.6,(X),(X),(X),(X),2.5,1.6,69.4,21.3,30.6,21.3
9700000US4222170,4222170,"South Eastern School District, Pennsylvania",97.7,0.7,(X),(X),(X),(X),2.3,0.7,78.0,10.8,22.0,10.8
9700000US4222200,4222200,"Southeastern Greene School District, Pennsylvania",98.1,0.8,(X),(X),(X),(X),1.9,0.8,91.0,11.5,9.0,11.5
9700000US4222230,4222230,"South Side Area School District, Pennsylvania",98.4,1.1,(X),(X),(X),(X),1.6,1.1,96.3,8.0,3.7,8.0
9700000US4222260,4222260,"Southern Columbia Area School District, Pennsylvania",98.8,0.5,(X),(X),(X),(X),1.2,0.5,77.8,10.5,22.2,10.5
9700000US4222290,4222290,"Southern Fulton School District, Pennsylvania",97.9,0.7,(X),(X),(X),(X),2.1,0.7,80.6,14.2,19.4,14.2
9700000US4222320,4222320,"Southern Huntingdon County School District, Pennsylvania",98.8,0.5,(X),(X),(X),(X),1.2,0.5,50.6,18.8,49.4,18.8
9700000US4222350,4222350,"Southern Lehigh School District, Pennsylvania",89.0,3.1,(X),(X),(X),(X),11.0,3.1,81.3,6.6,18.7,6.6
9700000US4222370,4222370,"Southern Tioga School District, Pennsylvania",96.9,0.8,(X),(X),(X),(X),3.1,0.8,65.5,10.1,34.5,10.1
9700000US4222380,4222380,"Southern York County School District, Pennsylvania",96.7,1.4,(X),(X),(X),(X),3.3,1.4,78.1,13.0,21.9,13.0
9700000US4222400,4222400,"Southeast Delco School District, Pennsylvania",90.9,1.9,(X),(X),(X),(X),9.1,1.9,69.0,10.4,31.0,10.4
9700000US4222410,4222410,"Southmoreland School District, Pennsylvania",97.7,1.0,(X),(X),(X),(X),2.3,1.0,59.8,14.2,40.2,14.2
9700000US4222440,4222440,"Seneca Valley School District, Pennsylvania",96.5,0.6,(X),(X),(X),(X),3.5,0.6,78.0,7.5,22.0,7.5
9700000US4222470,4222470,"South Western School District, Pennsylvania",96.4,1.1,(X),(X),(X),(X),3.6,1.1,58.8,12.9,41.2,12.9
9700000US4222530,4222530,"Spring Cove School District, Pennsylvania",95.9,1.2,(X),(X),(X),(X),4.1,1.2,63.0,17.0,37.0,17.0
9700000US4222560,4222560,"Spring-Ford Area School District, Pennsylvania",91.1,1.2,(X),(X),(X),(X),8.9,1.2,68.2,6.6,31.8,6.6
9700000US4222590,4222590,"Spring Grove Area School District, Pennsylvania",96.9,0.9,(X),(X),(X),(X),3.1,0.9,78.1,11.6,21.9,11.6
9700000US4222600,4222600,"Springfield School District, Pennsylvania",92.4,1.4,(X),(X),(X),(X),7.6,1.4,62.9,8.2,37.1,8.2
9700000US4222620,4222620,"Springfield Township School District, Pennsylvania",91.4,2.1,(X),(X),(X),(X),8.6,2.1,69.2,9.8,30.8,9.8
9700000US4222710,4222710,"Saint Clair Area School District, Pennsylvania",96.1,1.5,(X),(X),(X),(X),3.9,1.5,66.9,17.6,33.1,17.6
9700000US4222740,4222740,"Tuscarora School District, Pennsylvania",96.9,1.1,(X),(X),(X),(X),3.1,1.1,87.5,13.2,12.5,13.2
9700000US4222770,4222770,"State College Area School District, Pennsylvania",87.1,0.7,(X),(X),(X),(X),12.9,0.7,70.3,3.4,29.7,3.4
9700000US4222790,4222790,"Steel Valley School District, Pennsylvania",95.6,1.3,(X),(X),(X),(X),4.4,1.3,67.8,13.1,32.2,13.1
9700000US4222800,4222800,"Steelton-Highspire School District, Pennsylvania",91.0,2.8,(X),(X),(X),(X),9.0,2.8,53.3,17.6,46.7,17.6
9700000US4222830,4222830,"Sto-Rox School District, Pennsylvania",96.9,1.2,(X),(X),(X),(X),3.1,1.2,83.3,11.5,16.7,11.5
9700000US4222860,4222860,"Stroudsburg Area School District, Pennsylvania",84.8,2.5,(X),(X),(X),(X),15.2,2.5,61.9,8.8,38.1,8.8
9700000US4222920,4222920,"Sullivan County School District, Pennsylvania",97.2,1.1,(X),(X),(X),(X),2.8,1.1,41.9,16.2,58.1,16.2
9700000US4222980,4222980,"Susquehanna Community School District, Pennsylvania",97.4,0.9,(X),(X),(X),(X),2.6,0.9,72.9,19.6,27.1,19.6
9700000US4223010,4223010,"Susquehanna Township School District, Pennsylvania",90.1,2.0,(X),(X),(X),(X),9.9,2.0,70.6,7.5,29.4,7.5
9700000US4223040,4223040,"Susquenita School District, Pennsylvania",96.6,1.0,(X),(X),(X),(X),3.4,1.0,84.2,9.0,15.8,9.0
9700000US4223220,4223220,"Tamaqua Area School District, Pennsylvania",95.7,1.3,(X),(X),(X),(X),4.3,1.3,63.2,15.8,36.8,15.8
9700000US4223250,4223250,"Riverside School District, Pennsylvania",93.8,2.3,(X),(X),(X),(X),6.2,2.3,58.4,13.0,41.6,13.0
9700000US4223490,4223490,"Titusville Area School District, Pennsylvania",92.1,1.7,(X),(X),(X),(X),7.9,1.7,60.0,9.9,40.0,9.9
9700000US4223550,4223550,"Towanda Area School District, Pennsylvania",96.6,1.3,(X),(X),(X),(X),3.4,1.3,63.1,12.4,36.9,12.4
9700000US4223640,4223640,"Tredyffrin-Easttown School District, Pennsylvania",88.1,1.5,(X),(X),(X),(X),11.9,1.5,69.2,4.7,30.8,4.7
9700000US4223700,4223700,"Tri-Valley School District, Pennsylvania",95.0,1.4,(X),(X),(X),(X),5.0,1.4,90.0,5.1,10.0,5.1
9700000US4223760,4223760,"Trinity Area School District, Pennsylvania",97.7,0.7,(X),(X),(X),(X),2.3,0.7,81.5,9.2,18.5,9.2
9700000US4223790,4223790,"Troy Area School District, Pennsylvania",97.8,0.6,(X),(X),(X),(X),2.2,0.6,73.1,12.4,26.9,12.4
9700000US4223820,4223820,"Tulpehocken Area School District, Pennsylvania",92.9,1.9,(X),(X),(X),(X),7.1,1.9,75.1,12.2,24.9,12.2
9700000US4223850,4223850,"Tunkhannock Area School District, Pennsylvania",97.5,0.7,(X),(X),(X),(X),2.5,0.7,78.5,10.6,21.5,10.6
9700000US4223880,4223880,"Turkeyfoot Valley Area School District, Pennsylvania",98.8,0.7,(X),(X),(X),(X),1.2,0.7,88.2,15.1,11.8,15.1
9700000US4223970,4223970,"Tussey Mountain School District, Pennsylvania",98.6,0.6,(X),(X),(X),(X),1.4,0.6,83.8,11.4,16.2,11.4
9700000US4224000,4224000,"Twin Valley School District, Pennsylvania",91.1,2.0,(X),(X),(X),(X),8.9,2.0,53.9,16.4,46.1,16.4
9700000US4224030,4224030,"Tyrone Area School District, Pennsylvania",97.5,0.9,(X),(X),(X),(X),2.5,0.9,74.1,15.8,25.9,15.8
9700000US4224060,4224060,"Union Area School District, Pennsylvania",97.1,2.4,(X),(X),(X),(X),2.9,2.4,72.0,14.3,28.0,14.3
9700000US4224090,4224090,"Union City Area School District, Pennsylvania",99.3,0.4,(X),(X),(X),(X),0.7,0.4,76.6,15.6,23.4,15.6
9700000US4224120,4224120,"Union School District, Pennsylvania",97.4,1.2,(X),(X),(X),(X),2.6,1.2,90.4,9.4,9.6,9.4
9700000US4224150,4224150,"Uniontown Area School District, Pennsylvania",97.2,0.8,(X),(X),(X),(X),2.8,0.8,81.6,10.7,18.4,10.7
9700000US4224210,4224210,"Unionville-Chadds Ford School District, Pennsylvania",90.2,1.7,(X),(X),(X),(X),9.8,1.7,71.4,5.8,28.6,5.8
9700000US4224240,4224240,"United School District, Pennsylvania",96.1,1.5,(X),(X),(X),(X),3.9,1.5,68.1,15.4,31.9,15.4
9700000US4224300,4224300,"Upper Adams School District, Pennsylvania",88.8,2.4,(X),(X),(X),(X),11.2,2.4,52.0,11.5,48.0,11.5
9700000US4224320,4224320,"Upper Darby School District, Pennsylvania",77.0,1.2,(X),(X),(X),(X),23.0,1.2,57.4,3.0,42.6,3.0
9700000US4224360,4224360,"Upper Dauphin Area School District, Pennsylvania",89.0,1.8,(X),(X),(X),(X),11.0,1.8,62.8,9.8,37.2,9.8
9700000US4224390,4224390,"Upper Dublin School District, Pennsylvania",85.7,1.8,(X),(X),(X),(X),14.3,1.8,70.4,4.9,29.6,4.9
9700000US4224480,4224480,"Upper Merion Area School District, Pennsylvania",80.8,2.1,(X),(X),(X),(X),19.2,2.1,59.4,5.6,40.6,5.6
9700000US4224510,4224510,"Upper Moreland Township School District, Pennsylvania",87.8,2.1,(X),(X),(X),(X),12.2,2.1,71.1,7.2,28.9,7.2
9700000US4224540,4224540,"Upper Perkiomen School District, Pennsylvania",96.2,1.5,(X),(X),(X),(X),3.8,1.5,72.7,8.5,27.3,8.5
9700000US4224570,4224570,"Upper Saint Clair School District, Pennsylvania",89.7,1.7,(X),(X),(X),(X),10.3,1.7,84.4,5.1,15.6,5.1
9700000US4224630,4224630,"Valley Grove School District, Pennsylvania",98.6,1.0,(X),(X),(X),(X),1.4,1.0,67.8,35.3,32.2,35.3
9700000US4224650,4224650,"Valley View School District, Pennsylvania",90.8,2.5,(X),(X),(X),(X),9.2,2.5,67.8,10.0,32.2,10.0
9700000US4224750,4224750,"Wallenpaupack Area School District, Pennsylvania",91.6,1.8,(X),(X),(X),(X),8.4,1.8,73.6,6.6,26.4,6.6
9700000US4224790,4224790,"Wallingford-Swarthmore School District, Pennsylvania",89.5,1.8,(X),(X),(X),(X),10.5,1.8,81.2,5.7,18.8,5.7
9700000US4224820,4224820,"Warren County School District, Pennsylvania",96.8,0.8,(X),(X),(X),(X),3.2,0.8,69.1,8.8,30.9,8.8
9700000US4224870,4224870,"Warrior Run School District, Pennsylvania",88.8,1.9,(X),(X),(X),(X),11.2,1.9,60.2,6.8,39.8,6.8
9700000US4224960,4224960,"Warwick School District, Pennsylvania",92.9,1.9,(X),(X),(X),(X),7.1,1.9,60.1,15.9,39.9,15.9
9700000US4224970,4224970,"Wayne Highlands School District, Pennsylvania",95.2,1.3,(X),(X),(X),(X),4.8,1.3,74.5,9.4,25.5,9.4
9700000US4224990,4224990,"Washington School District, Pennsylvania",96.2,1.1,(X),(X),(X),(X),3.8,1.1,68.4,12.5,31.6,12.5
9700000US4225080,4225080,"Wattsburg Area School District, Pennsylvania",97.4,0.9,(X),(X),(X),(X),2.6,0.9,80.5,9.7,19.5,9.7
9700000US4225110,4225110,"Waynesboro Area School District, Pennsylvania",95.8,1.0,(X),(X),(X),(X),4.2,1.0,76.5,9.7,23.5,9.7
9700000US4225140,4225140,"Weatherly Area School District, Pennsylvania",97.2,1.0,(X),(X),(X),(X),2.8,1.0,75.4,16.2,24.6,16.2
9700000US4225170,4225170,"Wellsboro Area School District, Pennsylvania",97.3,1.0,(X),(X),(X),(X),2.7,1.0,81.3,11.4,18.7,11.4
9700000US4225200,4225200,"West Allegheny School District, Pennsylvania",97.2,1.0,(X),(X),(X),(X),2.8,1.0,82.3,11.6,17.7,11.6
9700000US4225230,4225230,"West Branch Area School District, Pennsylvania",98.6,0.8,(X),(X),(X),(X),1.4,0.8,97.0,3.8,3.0,3.8
9700000US4225290,4225290,"West Chester Area School District, Pennsylvania",89.0,1.0,(X),(X),(X),(X),11.0,1.0,66.0,4.1,34.0,4.1
9700000US4225440,4225440,"West Greene School District, Pennsylvania",98.5,0.6,(X),(X),(X),(X),1.5,0.6,86.1,9.7,13.9,9.7
9700000US4225590,4225590,"West Jefferson Hills School District, Pennsylvania",94.9,1.6,(X),(X),(X),(X),5.1,1.6,87.6,7.5,12.4,7.5
9700000US4225650,4225650,"West Middlesex Area School District, Pennsylvania",89.7,4.7,(X),(X),(X),(X),10.3,4.7,59.7,18.2,40.3,18.2
9700000US4225680,4225680,"West Mifflin Area School District, Pennsylvania",96.9,1.0,(X),(X),(X),(X),3.1,1.0,85.9,7.6,14.1,7.6
9700000US4225740,4225740,"West Perry School District, Pennsylvania",94.0,1.1,(X),(X),(X),(X),6.0,1.1,84.6,5.1,15.4,5.1
9700000US4225830,4225830,"West Shore School District, Pennsylvania",93.3,1.0,(X),(X),(X),(X),6.7,1.0,61.4,5.7,38.6,5.7
9700000US4225950,4225950,"Wyoming Valley West School District, Pennsylvania",96.2,0.9,(X),(X),(X),(X),3.8,0.9,66.4,8.7,33.6,8.7
9700000US4225980,4225980,"West York Area School District, Pennsylvania",93.6,1.8,(X),(X),(X),(X),6.4,1.8,62.4,9.5,37.6,9.5
9700000US4226010,4226010,"Mifflinburg Area School District, Pennsylvania",91.0,1.6,(X),(X),(X),(X),9.0,1.6,65.5,8.8,34.5,8.8
9700000US4226040,4226040,"Western Beaver County School District, Pennsylvania",97.3,2.0,(X),(X),(X),(X),2.7,2.0,100.0,15.8,0.0,15.8
9700000US4226070,4226070,"Western Wayne School District, Pennsylvania",92.7,1.2,(X),(X),(X),(X),7.3,1.2,69.4,7.4,30.6,7.4
9700000US4226130,4226130,"Westmont Hilltop School District, Pennsylvania",95.6,1.7,(X),(X),(X),(X),4.4,1.7,66.8,15.5,33.2,15.5
9700000US4226250,4226250,"Whitehall-Coplay School District, Pennsylvania",78.6,2.5,(X),(X),(X),(X),21.4,2.5,61.6,5.8,38.4,5.8
9700000US4226300,4226300,"Wilkes-Barre Area School District, Pennsylvania",89.6,1.0,(X),(X),(X),(X),10.4,1.0,63.7,4.2,36.3,4.2
9700000US4226370,4226370,"Wilkinsburg Borough School District, Pennsylvania",94.9,1.3,(X),(X),(X),(X),5.1,1.3,80.0,11.8,20.0,11.8
9700000US4226390,4226390,"William Penn School District, Pennsylvania",86.7,1.7,(X),(X),(X),(X),13.3,1.7,69.5,6.0,30.5,6.0
9700000US4226400,4226400,"Williams Valley School District, Pennsylvania",97.6,0.7,(X),(X),(X),(X),2.4,0.7,81.3,11.9,18.7,11.9
9700000US4226430,4226430,"Williamsburg Community School District, Pennsylvania",97.4,1.6,(X),(X),(X),(X),2.6,1.6,68.4,35.8,31.6,35.8
9700000US4226460,4226460,"Williamsport Area School District, Pennsylvania",96.4,0.7,(X),(X),(X),(X),3.6,0.7,83.8,6.0,16.2,6.0
9700000US4226520,4226520,"Wilmington Area School District, Pennsylvania",90.0,2.0,(X),(X),(X),(X),10.0,2.0,58.3,6.7,41.7,6.7
9700000US4226550,4226550,"Wilson Area School District, Pennsylvania",92.0,1.9,(X),(X),(X),(X),8.0,1.9,61.3,12.0,38.7,12.0
9700000US4226580,4226580,"Wilson School District, Pennsylvania",89.9,1.8,(X),(X),(X),(X),10.1,1.8,66.5,6.3,33.5,6.3
9700000US4226610,4226610,"Windber Area School District, Pennsylvania",96.3,1.2,(X),(X),(X),(X),3.7,1.2,78.6,15.1,21.4,15.1
9700000US4226700,4226700,"Wyalusing Area School District, Pennsylvania",96.6,0.9,(X),(X),(X),(X),3.4,0.9,50.7,17.1,49.3,17.1
9700000US4226730,4226730,"Wyoming Area School District, Pennsylvania",96.8,1.0,(X),(X),(X),(X),3.2,1.0,77.3,9.7,22.7,9.7
9700000US4226760,4226760,"Wyomissing Area School District, Pennsylvania",86.8,3.5,(X),(X),(X),(X),13.2,3.5,77.6,9.5,22.4,9.5
9700000US4226820,4226820,"York City School District, Pennsylvania",75.6,2.3,(X),(X),(X),(X),24.4,2.3,53.7,4.6,46.3,4.6
9700000US4226850,4226850,"York Suburban School District, Pennsylvania",91.6,2.1,(X),(X),(X),(X),8.4,2.1,64.2,10.4,35.8,10.4
9700000US4299997,4299997,"School District Not Defined, Pennsylvania",-,**,(X),(X),(X),(X),-,**,-,**,-,**
